id;name
0376ce5c-766a-4e7c-b5dc-c70563551658;Romantic comedy
0453b3cf-3556-43ee-9986-250405910025;genre:33
04b0945b-33ba-44c6-9088-919c24abc85e;genre:30
05cedac6-2816-49fa-98b7-084beda79acc;Biblijny
08db2f75-3b0a-4de3-8b27-fb38be03b1b1;Thor
08db2f75-3f7f-4713-8322-e79d4523eccb;Czarna Pantera
08db2f75-489a-493b-8f7d-a3112279a30e;MCU standalone
08fe3b23-532c-4887-989d-c7ca280a6fdd;Dokumentalizowany
0cd7217d-9b04-45f3-aeb3-9c3a7d8edb9f;Dreszczowiec
0d7e73af-e2d4-4932-8536-d406d82624b0;Surrealistyczny
0de6422a-ec93-4f97-8af6-e04938028d69;Fikcja literacka
10733816-1bc2-4e92-a7ea-b96846b4d54a;Psychologiczny
15c0b1ce-34ec-4d67-ba14-0138c61d5b54;Familijny
16704184-4525-445c-b4ec-7a42811a5d65;Biography
1bc8cbbe-fb9e-490f-a24a-e54e6013de4e;Melodramat
1db1ac18-a83d-4645-9cb7-3c60a03012ba;Thriller
1e8e818d-0669-416f-b274-edca7e7b6da8;Etiuda
20f71677-c76c-4103-b475-eda985c59cb2;Prawniczy
224f230e-ef79-441b-8fef-df06fb4a837b;Gangsterski
23cd7ad0-c73e-479d-8b2b-f9f40210744d;genre:24
2685c8e0-f3fd-41e1-91a3-8219e61b274d;Katastroficzny
28f8fece-1d83-4567-a5da-893734c774b5;Erotyczny
2bdd30f1-c8f5-45a5-a1e8-f7bc0755b9ad;Comedy
2c2fd51f-d2b8-4fb5-aec2-faf911088642;Dokumentalny
2cc23d9c-a2c5-43ad-8ff3-747de8e71b80;Obyczajowy
2d137c0a-c773-470a-b094-2d2ab736788a;Dramat historyczny
2e9f7297-be12-4a20-bbd0-81d0af699333;Groteska filmowa
31d18fc1-07ae-4864-ba58-d61a70c8480d;Czarna komedia
36a330ff-bd5d-4a0e-b74c-8a0d4473b778;Biograficzny
3b4a2cfc-1230-4dc1-a6d9-fcf410c6fed3;Karate
3c7e1786-5ed8-418e-a681-be5f4474850b;Komedia kryminalna
3d68f73c-8fd4-4574-8a96-964b9d0379af;Płaszcza i szpady
40e97f90-7d71-4759-8021-0622d74bc757;Niemy
45434b4d-8a1e-4d0b-8fce-cd849ae707e0;Fantasy
4adadb8f-cdec-455c-9b5b-82b1b132cdff;Film-Noir
4d0d16e5-ce1b-4ab4-b819-a9fc936e1801;Przyrodniczy
4e37b940-3db1-4473-b00b-d261b3846520;genre:8
4f52204e-db4a-4608-8ec8-25ffad09e08a;Mockumentary
4fc66943-7c2c-4e0c-a93f-8f7abb752c8c;Animacja
516495a0-f121-4086-9b59-41a2d17bd118;Komedia obycz.
57366ac3-c349-4e55-ad5d-6f8061179e88;Komedia
5e78ed0c-46df-4836-8ed6-63b722837f69;genre:15
637c4a9d-1f6c-40fc-ac76-e25555a6f9cb;genre:13
6993f0aa-baa1-4c8a-97e0-2af640b133fc;Nowele filmowe
69ae5733-b41f-4d3b-a184-285082860dc3;Polityczny
6a5af1f4-128c-4ca8-960d-3f0f36d29764;Sci-Fi
708e342e-f83b-456a-a4d2-03e6f7a72409;Short
73cf83a5-6b71-4792-8b19-211604a46f59;Świąteczny
76a06ec1-424d-48d4-973d-437146cec4ea;Religijny
7f945e19-1edc-4fa7-9bd5-5e8288059b1a;genre:20
7fbbdd84-cd91-4fe3-bfeb-0f39ccf80a80;Edukacyjny
88705481-8a20-4022-9be1-93bfb3a04579;Documentary
8c750f71-63df-441e-bede-46e7e3c8ed57;Drama
8cd25594-1c53-4fcb-9d63-9bc49e46b082;Komedia rom.
8ec4b60e-c873-4767-9684-2d4031d99871;Romans
908a9e61-1816-4b58-b290-5c334dbba4c1;genre:19
92c04792-0ced-4eeb-9f80-04c13ce20d44;Sportowy
94d1b86f-67b9-4a74-8a0d-c2d33f6675fb;genre:4
9522434e-4b0e-425a-9ef5-150b37dccab6;genre:6
959ac5e4-d4b9-4364-8764-0183063629a2;Sztuki walki
9a150cd3-6c32-4b58-b1a4-aea6992c564c;Przygodowy
9c50aabf-9c00-45df-974f-f335402c5478;Anime
9ded3609-25d3-4050-a4de-a94c0ce8efc4;Animation
9e2c79c6-3240-4c6a-b615-0e9b3786fbe3;Fabularyzowany dok.
a036941e-bf60-4db7-9b9b-f9842e3f8d72;Poetycki
a0bece49-1fa1-48b6-8e1b-a82384ef3875;True crime
a581770b-f192-41bc-85b5-dfb77b57a612;Sensacyjny
a82bdbaa-2c8e-4339-9c8b-a9023c2c623a;Adventure
a95e7525-dce1-4fa0-97aa-ec9fcfc0a789;genre:2
aab4bcaf-1d9f-4d1b-b03a-ab75abac3a79;XXX
bbecdf12-dd07-448f-8029-ddb71017416b;Family
bc18c2b7-0733-42c6-b320-bf09bbe26e72;Komedia dokumentalna
be787f4b-8150-4a78-828c-f132f7088b5d;Historyczny
c3e6276d-45b1-47f9-a9c0-84398ca3a975;Krótkometrażowy
c411b135-0438-40c3-aa2b-88f7c4192e16;Muzyczny
c69c3ce5-9a12-4f19-9b36-0241612db8ea;genre:12
c83f4583-787b-46ba-97e6-b46c20d7ca09;Western
c8692873-ebae-4261-a833-4378ab4e126b;Kryminał
cc52ba6b-afe8-4521-b7c0-616ddb3a023d;Musical
cf603e2c-4964-40f0-aaf4-d2e082a07d77;Dramat obyczajowy
d29060ee-ea19-4805-91fd-b0ba98c830d0;Animacja dla dorosłych
d31939d6-e42e-40f4-8e25-f18e47a1e035;Horror
d33826ab-c38d-47eb-aeb2-db999473a128;Kostiumowy
d34b4e2c-74ce-42ab-b438-86fbbdcaee15;Akcja
da02973c-07bf-4a09-ab74-a6032cd90537;genre:37
ddab39a0-2223-4d0a-90b9-63c057a4d810;Wojenny
ddb001d6-ceea-480d-9c5c-6a3c3cd50eb7;Dla młodzieży
de9693b5-c26f-4fa9-bdf4-15b9386844b4;Comedy Drama
e5b767c5-d104-4d04-8660-656b2246908f;genre:28
e6ab2137-a65b-4dcd-9316-8466f334ac98;Baśń
e9f339f3-716f-4c7e-8939-945c52be3462;Aktorska animacja
ec704b14-2c9e-40fe-8ac8-27768e689490;Szpiegowski
f015d78d-e970-468b-903f-8a2e33053a15;Satyra
f0506edd-d123-41d3-ad36-1d31a8bb23b8;Dramat
f993c509-cd39-4b0f-903a-c3630b38f7cc;Dramat społeczny
fcbf0f68-001f-4106-9f75-92895ed907b9;Propagandowy
fe7c2e3f-b22e-4a78-a480-2fe36013ee51;Dla dzieci
ffab3c3a-98ff-40f3-84c8-a41b9ebf98a7;Dramat sądowy
